Country Name,Country Code,Indicator Name,Indicator Code,1960,1961,1962,1963,1964,1965,1966,1967,1968,1969,1970,1971,1972,1973,1974,1975,1976,1977,1978,1979,1980,1981,1982,1983,1984,1985,1986,1987,1988,1989,1990,1991,1992,1993,1994,1995,1996,1997,1998,1999,2000,2001,2002,2003,2004,2005,2006,2007,2008,2009,2010,2011,2012,2013,2014,2015,2016,2017
Aruba,ABW,International migrant stock (% of population),SM.POP.TOTL.ZS,,,,,,,,,,,,,,,,,,,,,,,,,,,,,,,23.24129497,,,,,27.72950228,,,,,33.13302076,,,,,32.52991573,,,,,33.78741498,,,,,34.76210186,,
Afghanistan,AFG,International migrant stock (% of population),SM.POP.TOTL.ZS,,,,,,,,,,,,,,,,,,,,,,,,,,,,,,,0.478024988,,,,,0.426423647,,,,,0.385327536,,,,,0.357787648,,,,,0.365657832,,,,,1.175546927,,
Angola,AGO,International migrant stock (% of population),SM.POP.TOTL.ZS,,,,,,,,,,,,,,,,,,,,,,,,,,,,,,,0.301198702,,,,,0.305252009,,,,,0.30618971,,,,,0.342372571,,,,,0.36074065,,,,,0.42700468,,
Albania,ALB,International migrant stock (% of population),SM.POP.TOTL.ZS,,,,,,,,,,,,,,,,,,,,,,,,,,,,,,,2.011700305,,,,,2.296757971,,,,,2.456625875,,,,,2.100434369,,,,,1.818956864,,,,,1.98903641,,
Andorra,AND,International migrant stock (% of population),SM.POP.TOTL.ZS,,,,,,,,,,,,,,,,,,,,,,,,,,,,,,,71.36908147,,,,,63.46509224,,,,,64.44441046,,,,,61.92580919,,,,,61.66028975,,,,,59.7136492,,
Arab World,ARB,International migrant stock (% of population),SM.POP.TOTL.ZS,,,,,,,,,,,,,,,,,,,,,,,,,,,,,,,6.251599101,,,,,5.798256446,,,,,5.698050985,,,,,6.089056917,,,,,7.977127556,,,,,8.914308324,,
United Arab Emirates,ARE,International migrant stock (% of population),SM.POP.TOTL.ZS,,,,,,,,,,,,,,,,,,,,,,,,,,,,,,,72.12830769,,,,,77.61570119,,,,,80.21548604,,,,,73.20512203,,,,,87.84023393,,,,,88.40404837,,
Argentina,ARG,International migrant stock (% of population),SM.POP.TOTL.ZS,,,,,,,,,,,,,,,,,,,,,,,,,,,,,,,5.041039128,,,,,4.558014847,,,,,4.156300218,,,,,4.274024817,,,,,4.380958388,,,,,4.805292335,,
Armenia,ARM,International migrant stock (% of population),SM.POP.TOTL.ZS,,,,,,,,,,,,,,,,,,,,,,,,,,,,,,,18.58520973,,,,,21.53154671,,,,,21.38748505,,,,,15.55993084,,,,,7.476305013,,,,,6.335892888,,
American Samoa,ASM,International migrant stock (% of population),SM.POP.TOTL.ZS,,,,,,,,,,,,,,,,,,,,,,,,,,,,,,,45.2406258,,,,,43.68498695,,,,,43.30864713,,,,,40.99159294,,,,,42.33769502,,,,,41.80200943,,
Antigua and Barbuda,ATG,International migrant stock (% of population),SM.POP.TOTL.ZS,,,,,,,,,,,,,,,,,,,,,,,,,,,,,,,19.43107292,,,,,25.6770399,,,,,29.71229137,,,,,29.96548174,,,,,30.27753259,,,,,30.58550611,,
Australia,AUS,International migrant stock (% of population),SM.POP.TOTL.ZS,,,,,,,,,,,,,,,,,,,,,,,,,,,,,,,23.13413643,,,,,22.91521492,,,,,22.95594484,,,,,24.0601862,,,,,26.54431424,,,,,28.21840969,,
Austria,AUT,International migrant stock (% of population),SM.POP.TOTL.ZS,,,,,,,,,,,,,,,,,,,,,,,,,,,,,,,10.29302137,,,,,11.22427875,,,,,12.37810655,,,,,13.798295,,,,,15.20488714,,,,,17.46572625,,
Azerbaijan,AZE,International migrant stock (% of population),SM.POP.TOTL.ZS,,,,,,,,,,,,,,,,,,,,,,,,,,,,,,,4.996880068,,,,,4.42772603,,,,,4.034865853,,,,,3.529206514,,,,,3.042903911,,,,,2.709061584,,
Burundi,BDI,International migrant stock (% of population),SM.POP.TOTL.ZS,,,,,,,,,,,,,,,,,,,,,,,,,,,,,,,5.934466995,,,,,4.084817672,,,,,1.85645995,,,,,2.178842438,,,,,2.486588,,,,,2.565632229,,
Belgium,BEL,International migrant stock (% of population),SM.POP.TOTL.ZS,,,,,,,,,,,,,,,,,,,,,,,,,,,,,,,8.934811256,,,,,8.711724976,,,,,8.310648807,,,,,8.245677955,,,,,9.632626891,,,,,12.28353319,,
Benin,BEN,International migrant stock (% of population),SM.POP.TOTL.ZS,,,,,,,,,,,,,,,,,,,,,,,,,,,,,,,1.523852637,,,,,1.753708615,,,,,1.924348207,,,,,2.095959577,,,,,2.200540958,,,,,2.255540965,,
Burkina Faso,BFA,International migrant stock (% of population),SM.POP.TOTL.ZS,,,,,,,,,,,,,,,,,,,,,,,,,,,,,,,3.968399619,,,,,4.309745729,,,,,4.480026782,,,,,4.447736238,,,,,4.311036046,,,,,3.892039853,,
Bangladesh,BGD,International migrant stock (% of population),SM.POP.TOTL.ZS,,,,,,,,,,,,,,,,,,,,,,,,,,,,,,,0.831846493,,,,,0.789287019,,,,,0.752473674,,,,,0.81627382,,,,,0.887465112,,,,,0.883753735,,
Bulgaria,BGR,International migrant stock (% of population),SM.POP.TOTL.ZS,,,,,,,,,,,,,,,,,,,,,,,,,,,,,,,0.243846835,,,,,0.388065923,,,,,0.54196545,,,,,0.794963797,,,,,1.029889851,,,,,1.428196392,,
Bahrain,BHR,International migrant stock (% of population),SM.POP.TOTL.ZS,,,,,,,,,,,,,,,,,,,,,,,,,,,,,,,34.92571742,,,,,36.53859117,,,,,35.89400994,,,,,46.59878618,,,,,52.15619522,,,,,51.12678501,,
"Bahamas, The",BHS,International migrant stock (% of population),SM.POP.TOTL.ZS,,,,,,,,,,,,,,,,,,,,,,,,,,,,,,,10.47640225,,,,,11.29890666,,,,,12.23736199,,,,,13.84843414,,,,,15.16947039,,,,,15.28430309,,
Bosnia and Herzegovina,BIH,International migrant stock (% of population),SM.POP.TOTL.ZS,,,,,,,,,,,,,,,,,,,,,,,,,,,,,,,1.237023404,,,,,1.790951821,,,,,2.187046354,,,,,1.233168561,,,,,1.011457378,,,,,0.91336484,,
Belarus,BLR,International migrant stock (% of population),SM.POP.TOTL.ZS,,,,,,,,,,,,,,,,,,,,,,,,,,,,,,,12.20659768,,,,,11.67631308,,,,,11.28998986,,,,,11.48248203,,,,,11.48718906,,,,,11.40401056,,
Belize,BLZ,International migrant stock (% of population),SM.POP.TOTL.ZS,,,,,,,,,,,,,,,,,,,,,,,,,,,,,,,16.21097082,,,,,16.16045458,,,,,14.75383321,,,,,14.62303948,,,,,14.41501948,,,,,14.99080123,,
Bermuda,BMU,International migrant stock (% of population),SM.POP.TOTL.ZS,,,,,,,,,,,,,,,,,,,,,,,,,,,,,,,25.73895062,,,,,26.59903659,,,,,27.59116108,,,,,28.06338677,,,,,29.52747287,,,,,30.84639701,,
Bolivia,BOL,International migrant stock (% of population),SM.POP.TOTL.ZS,,,,,,,,,,,,,,,,,,,,,,,,,,,,,,,1.075778203,,,,,1.10481218,,,,,1.111072207,,,,,1.180714719,,,,,1.23858606,,,,,1.333267442,,
Brazil,BRA,International migrant stock (% of population),SM.POP.TOTL.ZS,,,,,,,,,,,,,,,,,,,,,,,,,,,,,,,0.530953063,,,,,0.455627633,,,,,0.389447557,,,,,0.338807606,,,,,0.298351264,,,,,0.3433132,,
Barbados,BRB,International migrant stock (% of population),SM.POP.TOTL.ZS,,,,,,,,,,,,,,,,,,,,,,,,,,,,,,,9.226727707,,,,,9.897268288,,,,,10.53372764,,,,,11.17611208,,,,,11.74141348,,,,,12.12990166,,
Brunei Darussalam,BRN,International migrant stock (% of population),SM.POP.TOTL.ZS,,,,,,,,,,,,,,,,,,,,,,,,,,,,,,,28.48925231,,,,,28.72716179,,,,,29.13170012,,,,,27.20198735,,,,,25.57500343,,,,,24.27597191,,
Bhutan,BTN,International migrant stock (% of population),SM.POP.TOTL.ZS,,,,,,,,,,,,,,,,,,,,,,,,,,,,,,,4.445710124,,,,,5.496593613,,,,,5.696161025,,,,,6.185701583,,,,,6.722703076,,,,,6.595769395,,
Botswana,BWA,International migrant stock (% of population),SM.POP.TOTL.ZS,,,,,,,,,,,,,,,,,,,,,,,,,,,,,,,1.993746983,,,,,2.548260442,,,,,3.28600081,,,,,4.765496622,,,,,5.904393478,,,,,7.100334367,,
Central African Republic,CAF,International migrant stock (% of population),SM.POP.TOTL.ZS,,,,,,,,,,,,,,,,,,,,,,,,,,,,,,,2.288558365,,,,,2.989112188,,,,,3.315282036,,,,,2.328849337,,,,,2.102734932,,,,,1.665172192,,
Canada,CAN,International migrant stock (% of population),SM.POP.TOTL.ZS,,,,,,,,,,,,,,,,,,,,,,,,,,,,,,,15.66498834,,,,,16.60363369,,,,,17.95300441,,,,,18.84586509,,,,,20.54501101,,,,,21.80166365,,
Central Europe and the Baltics,CEB,International migrant stock (% of population),SM.POP.TOTL.ZS,,,,,,,,,,,,,,,,,,,,,,,,,,,,,,,3.441192284,,,,,3.339679016,,,,,3.022731885,,,,,3.144346827,,,,,3.229129067,,,,,3.278498037,,
Switzerland,CHE,International migrant stock (% of population),SM.POP.TOTL.ZS,,,,,,,,,,,,,,,,,,,,,,,,,,,,,,,20.86153265,,,,,21.07482042,,,,,21.92084633,,,,,24.3694497,,,,,26.5011556,,,,,29.38668554,,
Channel Islands,CHI,International migrant stock (% of population),SM.POP.TOTL.ZS,,,,,,,,,,,,,,,,,,,,,,,,,,,,,,,43.83339613,,,,,42.01249566,,,,,43.23482938,,,,,45.97661668,,,,,48.61482739,,,,,50.28162647,,
Chile,CHL,International migrant stock (% of population),SM.POP.TOTL.ZS,,,,,,,,,,,,,,,,,,,,,,,,,,,,,,,0.818045412,,,,,1.003361565,,,,,1.168935242,,,,,1.698398994,,,,,2.171231019,,,,,2.615513217,,
China,CHN,International migrant stock (% of population),SM.POP.TOTL.ZS,,,,,,,,,,,,,,,,,,,,,,,,,,,,,,,0.032596494,,,,,0.036014264,,,,,0.040003478,,,,,0.052002656,,,,,0.063376645,,,,,0.071076396,,
Cote d'Ivoire,CIV,International migrant stock (% of population),SM.POP.TOTL.ZS,,,,,,,,,,,,,,,,,,,,,,,,,,,,,,,14.93045855,,,,,14.41505824,,,,,12.07253468,,,,,11.08948903,,,,,10.4073887,,,,,9.582598655,,
Cameroon,CMR,International migrant stock (% of population),SM.POP.TOTL.ZS,,,,,,,,,,,,,,,,,,,,,,,,,,,,,,,2.198310754,,,,,1.772229232,,,,,1.433871894,,,,,1.42735706,,,,,1.403990527,,,,,1.636313704,,
"Congo, Dem. Rep.",COD,International migrant stock (% of population),SM.POP.TOTL.ZS,,,,,,,,,,,,,,,,,,,,,,,,,,,,,,,2.157140374,,,,,4.307271401,,,,,1.549235583,,,,,1.110490556,,,,,0.893177895,,,,,0.706246281,,
"Congo, Rep.",COG,International migrant stock (% of population),SM.POP.TOTL.ZS,,,,,,,,,,,,,,,,,,,,,,,,,,,,,,,5.430496211,,,,,7.04209825,,,,,9.809443956,,,,,8.998865572,,,,,10.32073167,,,,,8.505799369,,
Colombia,COL,International migrant stock (% of population),SM.POP.TOTL.ZS,,,,,,,,,,,,,,,,,,,,,,,,,,,,,,,0.304266835,,,,,0.28562325,,,,,0.271282822,,,,,0.24860903,,,,,0.270636192,,,,,0.276047227,,
Comoros,COM,International migrant stock (% of population),SM.POP.TOTL.ZS,,,,,,,,,,,,,,,,,,,,,,,,,,,,,,,3.391353362,,,,,2.906537886,,,,,2.519463352,,,,,2.135195076,,,,,1.805938213,,,,,1.592316297,,
Cabo Verde,CPV,International migrant stock (% of population),SM.POP.TOTL.ZS,,,,,,,,,,,,,,,,,,,,,,,,,,,,,,,2.617096842,,,,,2.564267286,,,,,2.513350823,,,,,2.678059314,,,,,2.930998269,,,,,2.867232018,,
Costa Rica,CRI,International migrant stock (% of population),SM.POP.TOTL.ZS,,,,,,,,,,,,,,,,,,,,,,,,,,,,,,,13.48930263,,,,,10.37581264,,,,,7.92128291,,,,,8.43192651,,,,,8.919244235,,,,,8.771009911,,
Caribbean small states,CSS,International migrant stock (% of population),SM.POP.TOTL.ZS,,,,,,,,,,,,,,,,,,,,,,,,,,,,,,,3.440963787,,,,,3.692947391,,,,,3.977986443,,,,,4.336908886,,,,,4.647923372,,,,,4.896057484,,
Cuba,CUB,International migrant stock (% of population),SM.POP.TOTL.ZS,,,,,,,,,,,,,,,,,,,,,,,,,,,,,,,0.326542546,,,,,0.240114476,,,,,0.160280124,,,,,0.151167049,,,,,0.13103843,,,,,0.117089665,,
Curacao,CUW,International migrant stock (% of population),SM.POP.TOTL.ZS,,,,,,,,,,,,,,,,,,,,,,,,,,,,,,,,,,,,,,,,,,,,,,,,,,,23.45923241,,,,,23.92511593,,
Cayman Islands,CYM,International migrant stock (% of population),SM.POP.TOTL.ZS,,,,,,,,,,,,,,,,,,,,,,,,,,,,,,,37.53448758,,,,,45.21343774,,,,,46.18687777,,,,,44.53653621,,,,,43.33891801,,,,,39.56509414,,
Cyprus,CYP,International migrant stock (% of population),SM.POP.TOTL.ZS,,,,,,,,,,,,,,,,,,,,,,,,,,,,,,,5.714110546,,,,,7.241266839,,,,,8.489038861,,,,,11.34675465,,,,,17.02686908,,,,,16.83403415,,
Czech Republic,CZE,International migrant stock (% of population),SM.POP.TOTL.ZS,,,,,,,,,,,,,,,,,,,,,,,,,,,,,,,1.069325816,,,,,1.602158607,,,,,2.151308437,,,,,3.152613407,,,,,3.786042643,,,,,3.84222568,,
Germany,DEU,International migrant stock (% of population),SM.POP.TOTL.ZS,,,,,,,,,,,,,,,,,,,,,,,,,,,,,,,7.518127589,,,,,9.14611048,,,,,10.98055978,,,,,12.67638833,,,,,14.42860161,,,,,14.8790513,,
Djibouti,DJI,International migrant stock (% of population),SM.POP.TOTL.ZS,,,,,,,,,,,,,,,,,,,,,,,,,,,,,,,20.77330732,,,,,15.09266711,,,,,13.90980982,,,,,11.83071559,,,,,12.22613812,,,,,12.65412041,,
Dominica,DMA,International migrant stock (% of population),SM.POP.TOTL.ZS,,,,,,,,,,,,,,,,,,,,,,,,,,,,,,,3.551488834,,,,,4.373169672,,,,,5.343073236,,,,,6.725071589,,,,,8.100664634,,,,,9.246009906,,
Denmark,DNK,International migrant stock (% of population),SM.POP.TOTL.ZS,,,,,,,,,,,,,,,,,,,,,,,,,,,,,,,4.575365949,,,,,5.792704252,,,,,6.950287199,,,,,8.128609009,,,,,9.182917762,,,,,10.09899135,,
Dominican Republic,DOM,International migrant stock (% of population),SM.POP.TOTL.ZS,,,,,,,,,,,,,,,,,,,,,,,,,,,,,,,4.052969759,,,,,4.097361772,,,,,4.153061509,,,,,4.070347543,,,,,3.977780119,,,,,3.947079853,,
Algeria,DZA,International migrant stock (% of population),SM.POP.TOTL.ZS,,,,,,,,,,,,,,,,,,,,,,,,,,,,,,,1.057232756,,,,,0.906550236,,,,,0.802054717,,,,,0.744071903,,,,,0.67977278,,,,,0.611072023,,
East Asia & Pacific (excluding high income),EAP,International migrant stock (% of population),SM.POP.TOTL.ZS,,,,,,,,,,,,,,,,,,,,,,,,,,,,,,,0.160189293,,,,,0.185653473,,,,,0.226418754,,,,,0.291037322,,,,,0.377599807,,,,,0.413826505,,
Early-demographic dividend,EAR,International migrant stock (% of population),SM.POP.TOTL.ZS,,,,,,,,,,,,,,,,,,,,,,,,,,,,,,,2.088487848,,,,,1.686234258,,,,,1.54502887,,,,,1.463375776,,,,,1.558470095,,,,,1.645595987,,
East Asia & Pacific,EAS,International migrant stock (% of population),SM.POP.TOTL.ZS,,,,,,,,,,,,,,,,,,,,,,,,,,,,,,,0.639403288,,,,,0.69703081,,,,,0.775379532,,,,,0.887684762,,,,,1.047414651,,,,,1.133924381,,
Europe & Central Asia (excluding high income),ECA,International migrant stock (% of population),SM.POP.TOTL.ZS,,,,,,,,,,,,,,,,,,,,,,,,,,,,,,,7.799294714,,,,,7.539290735,,,,,7.142797285,,,,,6.878844311,,,,,6.560544894,,,,,6.927471191,,
Europe & Central Asia,ECS,International migrant stock (% of population),SM.POP.TOTL.ZS,,,,,,,,,,,,,,,,,,,,,,,,,,,,,,,6.965911121,,,,,7.181388264,,,,,7.441619606,,,,,8.249334677,,,,,9.023173364,,,,,9.473942428,,
Ecuador,ECU,International migrant stock (% of population),SM.POP.TOTL.ZS,,,,,,,,,,,,,,,,,,,,,,,,,,,,,,,0.769840924,,,,,1.00600704,,,,,1.199840426,,,,,1.364403601,,,,,2.178591966,,,,,2.400299101,,
"Egypt, Arab Rep.",EGY,International migrant stock (% of population),SM.POP.TOTL.ZS,,,,,,,,,,,,,,,,,,,,,,,,,,,,,,,0.3080078,,,,,0.267408128,,,,,0.253826357,,,,,0.36561685,,,,,0.360446632,,,,,0.537267287,,
Euro area,EMU,International migrant stock (% of population),SM.POP.TOTL.ZS,,,,,,,,,,,,,,,,,,,,,,,,,,,,,,,6.500937007,,,,,7.215738535,,,,,8.181883465,,,,,10.10998009,,,,,11.86665901,,,,,12.21876453,,
Eritrea,ERI,International migrant stock (% of population),SM.POP.TOTL.ZS,,,,,,,,,,,,,,,,,,,,,,,,,,,,,,,0.377435066,,,,,0.391897209,,,,,0.366377042,,,,,0.341519152,,,,,0.334267018,,,,,,,
Spain,ESP,International migrant stock (% of population),SM.POP.TOTL.ZS,,,,,,,,,,,,,,,,,,,,,,,,,,,,,,,2.096356009,,,,,2.565285562,,,,,4.066977016,,,,,9.36551906,,,,,13.47610287,,,,,12.69023719,,
Estonia,EST,International migrant stock (% of population),SM.POP.TOTL.ZS,,,,,,,,,,,,,,,,,,,,,,,,,,,,,,,24.40376409,,,,,22.03337436,,,,,17.83317669,,,,,17.23888403,,,,,16.35701518,,,,,15.41630922,,
Ethiopia,ETH,International migrant stock (% of population),SM.POP.TOTL.ZS,,,,,,,,,,,,,,,,,,,,,,,,,,,,,,,2.404202801,,,,,1.409753855,,,,,0.920154797,,,,,0.671260321,,,,,0.648364823,,,,,1.079526012,,
European Union,EUU,International migrant stock (% of population),SM.POP.TOTL.ZS,,,,,,,,,,,,,,,,,,,,,,,,,,,,,,,5.679887737,,,,,6.316550568,,,,,7.065445097,,,,,8.669358509,,,,,10.24518356,,,,,10.72551432,,
Fragile and conflict affected situations,FCS,International migrant stock (% of population),SM.POP.TOTL.ZS,,,,,,,,,,,,,,,,,,,,,,,,,,,,,,,3.467812271,,,,,3.283792542,,,,,2.556871452,,,,,2.306897008,,,,,2.387086236,,,,,2.524525278,,
Finland,FIN,International migrant stock (% of population),SM.POP.TOTL.ZS,,,,,,,,,,,,,,,,,,,,,,,,,,,,,,,1.268472869,,,,,1.952340718,,,,,2.631188518,,,,,3.662895931,,,,,4.622749475,,,,,5.739683257,,
Fiji,FJI,International migrant stock (% of population),SM.POP.TOTL.ZS,,,,,,,,,,,,,,,,,,,,,,,,,,,,,,,1.823020315,,,,,1.676471119,,,,,1.567879609,,,,,1.51310506,,,,,1.552528513,,,,,1.541341374,,
France,FRA,International migrant stock (% of population),SM.POP.TOTL.ZS,,,,,,,,,,,,,,,,,,,,,,,,,,,,,,,10.35638452,,,,,10.4561481,,,,,10.5725136,,,,,11.0016541,,,,,11.43003678,,,,,12.08847938,,
Faroe Islands,FRO,International migrant stock (% of population),SM.POP.TOTL.ZS,,,,,,,,,,,,,,,,,,,,,,,,,,,,,,,8.921321646,,,,,6.576112837,,,,,7.728377535,,,,,9.481349691,,,,,10.4927214,,,,,11.44629557,,
"Micronesia, Fed. Sts.",FSM,International migrant stock (% of population),SM.POP.TOTL.ZS,,,,,,,,,,,,,,,,,,,,,,,,,,,,,,,3.825352171,,,,,3.107218565,,,,,2.900493345,,,,,2.735456412,,,,,2.707032494,,,,,2.638330461,,
Gabon,GAB,International migrant stock (% of population),SM.POP.TOTL.ZS,,,,,,,,,,,,,,,,,,,,,,,,,,,,,,,13.43947981,,,,,14.07999823,,,,,15.88009562,,,,,15.54119426,,,,,15.82374366,,,,,15.55585953,,
United Kingdom,GBR,International migrant stock (% of population),SM.POP.TOTL.ZS,,,,,,,,,,,,,,,,,,,,,,,,,,,,,,,6.391662619,,,,,7.17620211,,,,,8.035341836,,,,,9.842476032,,,,,12.12529508,,,,,13.20097825,,
Georgia,GEO,International migrant stock (% of population),SM.POP.TOTL.ZS,,,,,,,,,,,,,,,,,,,,,,,,,,,,,,,6.195620065,,,,,5.495207062,,,,,4.608323104,,,,,4.464643833,,,,,4.286972734,,,,,4.220248352,,
Ghana,GHA,International migrant stock (% of population),SM.POP.TOTL.ZS,,,,,,,,,,,,,,,,,,,,,,,,,,,,,,,1.126935124,,,,,1.508735373,,,,,1.017801121,,,,,1.423295546,,,,,1.38588982,,,,,1.457397152,,
Gibraltar,GIB,International migrant stock (% of population),SM.POP.TOTL.ZS,,,,,,,,,,,,,,,,,,,,,,,,,,,,,,,32.45630381,,,,,30.7165109,,,,,29.44682096,,,,,31.67469051,,,,,33.74007549,,,,,34.34522147,,
Guinea,GIN,International migrant stock (% of population),SM.POP.TOTL.ZS,,,,,,,,,,,,,,,,,,,,,,,,,,,,,,,6.689020799,,,,,9.849952302,,,,,6.365092597,,,,,2.374707352,,,,,1.862544843,,,,,1.811566559,,
"Gambia, The",GMB,International migrant stock (% of population),SM.POP.TOTL.ZS,,,,,,,,,,,,,,,,,,,,,,,,,,,,,,,12.88411679,,,,,14.15815776,,,,,14.85226588,,,,,12.6275388,,,,,10.97240287,,,,,9.670886483,,
Guinea-Bissau,GNB,International migrant stock (% of population),SM.POP.TOTL.ZS,,,,,,,,,,,,,,,,,,,,,,,,,,,,,,,1.455016436,,,,,2.367816462,,,,,1.554595178,,,,,1.417570879,,,,,1.2887683,,,,,1.210903718,,
Equatorial Guinea,GNQ,International migrant stock (% of population),SM.POP.TOTL.ZS,,,,,,,,,,,,,,,,,,,,,,,,,,,,,,,0.726091323,,,,,0.809444786,,,,,0.850825774,,,,,1.052621488,,,,,1.188126964,,,,,1.280974132,,
Greece,GRC,International migrant stock (% of population),SM.POP.TOTL.ZS,,,,,,,,,,,,,,,,,,,,,,,,,,,,,,,6.101017032,,,,,8.061614283,,,,,10.14845493,,,,,10.75648922,,,,,11.35985666,,,,,11.34237737,,
Grenada,GRD,International migrant stock (% of population),SM.POP.TOTL.ZS,,,,,,,,,,,,,,,,,,,,,,,,,,,,,,,4.427434933,,,,,5.530009077,,,,,6.716197599,,,,,6.704160232,,,,,6.66813149,,,,,6.606131524,,
Greenland,GRL,International migrant stock (% of population),SM.POP.TOTL.ZS,,,,,,,,,,,,,,,,,,,,,,,,,,,,,,,16.93433808,,,,,13.11616406,,,,,12.02513618,,,,,11.7395045,,,,,11.01050472,,,,,10.69483501,,
Guatemala,GTM,International migrant stock (% of population),SM.POP.TOTL.ZS,,,,,,,,,,,,,,,,,,,,,,,,,,,,,,,2.885359435,,,,,1.507991327,,,,,0.41167251,,,,,0.434269946,,,,,0.450602932,,,,,0.467187672,,
Guam,GUM,International migrant stock (% of population),SM.POP.TOTL.ZS,,,,,,,,,,,,,,,,,,,,,,,,,,,,,,,53.459481,,,,,49.40300353,,,,,47.68618665,,,,,47.18593948,,,,,47.30055193,,,,,44.78853342,,
Guyana,GUY,International migrant stock (% of population),SM.POP.TOTL.ZS,,,,,,,,,,,,,,,,,,,,,,,,,,,,,,,0.568527327,,,,,0.874094359,,,,,1.160036539,,,,,1.46371356,,,,,1.74232308,,,,,2.005514382,,
High income,HIC,International migrant stock (% of population),SM.POP.TOTL.ZS,,,,,,,,,,,,,,,,,,,,,,,,,,,,,,,7.699356271,,,,,8.562655831,,,,,9.594239193,,,,,10.96028696,,,,,12.76006942,,,,,13.58416261,,
"Hong Kong SAR, China",HKG,International migrant stock (% of population),SM.POP.TOTL.ZS,,,,,,,,,,,,,,,,,,,,,,,,,,,,,,,38.28891926,,,,,39.77213435,,,,,39.34725751,,,,,39.76980518,,,,,39.75008472,,,,,38.94993992,,
Honduras,HND,International migrant stock (% of population),SM.POP.TOTL.ZS,,,,,,,,,,,,,,,,,,,,,,,,,,,,,,,5.515051608,,,,,2.672837863,,,,,0.455880751,,,,,0.405149225,,,,,0.363652113,,,,,0.347613516,,
Heavily indebted poor countries (HIPC),HPC,International migrant stock (% of population),SM.POP.TOTL.ZS,,,,,,,,,,,,,,,,,,,,,,,,,,,,,,,3.317483934,,,,,2.987923794,,,,,2.209907089,,,,,1.889554536,,,,,1.643863348,,,,,1.66533664,,
Croatia,HRV,International migrant stock (% of population),SM.POP.TOTL.ZS,,,,,,,,,,,,,,,,,,,,,,,,,,,,,,,9.953952517,,,,,14.60081763,,,,,13.21790604,,,,,13.23128347,,,,,13.28061996,,,,,13.60471399,,
Haiti,HTI,International migrant stock (% of population),SM.POP.TOTL.ZS,,,,,,,,,,,,,,,,,,,,,,,,,,,,,,,0.268798841,,,,,0.287193826,,,,,0.302156856,,,,,0.328906993,,,,,0.351053445,,,,,0.3690482,,
Hungary,HUN,International migrant stock (% of population),SM.POP.TOTL.ZS,,,,,,,,,,,,,,,,,,,,,,,,,,,,,,,3.346249001,,,,,3.112772283,,,,,2.904476897,,,,,3.633006219,,,,,4.359780333,,,,,4.562465252,,
IBRD only,IBD,International migrant stock (% of population),SM.POP.TOTL.ZS,,,,,,,,,,,,,,,,,,,,,,,,,,,,,,,1.521912094,,,,,1.373275242,,,,,1.277200166,,,,,1.238057475,,,,,1.252854821,,,,,1.362615866,,
IDA & IBRD total,IBT,International migrant stock (% of population),SM.POP.TOTL.ZS,,,,,,,,,,,,,,,,,,,,,,,,,,,,,,,1.809207729,,,,,1.588799151,,,,,1.434380336,,,,,1.343788134,,,,,1.354187451,,,,,1.422144577,,
IDA total,IDA,International migrant stock (% of population),SM.POP.TOTL.ZS,,,,,,,,,,,,,,,,,,,,,,,,,,,,,,,3.003039826,,,,,2.432612496,,,,,2.014952705,,,,,1.710326159,,,,,1.681267661,,,,,1.602847759,,
IDA blend,IDB,International migrant stock (% of population),SM.POP.TOTL.ZS,,,,,,,,,,,,,,,,,,,,,,,,,,,,,,,3.58821081,,,,,2.342285034,,,,,2.22363819,,,,,1.774514257,,,,,1.864457033,,,,,1.687652983,,
Indonesia,IDN,International migrant stock (% of population),SM.POP.TOTL.ZS,,,,,,,,,,,,,,,,,,,,,,,,,,,,,,,0.256624867,,,,,0.192406654,,,,,0.138180206,,,,,0.127983196,,,,,0.12640704,,,,,0.127675543,,
IDA only,IDX,International migrant stock (% of population),SM.POP.TOTL.ZS,,,,,,,,,,,,,,,,,,,,,,,,,,,,,,,2.702930948,,,,,2.478460461,,,,,1.909862512,,,,,1.678344254,,,,,1.590962185,,,,,1.560631657,,
Isle of Man,IMN,International migrant stock (% of population),SM.POP.TOTL.ZS,,,,,,,,,,,,,,,,,,,,,,,,,,,,,,,49.44959609,,,,,51.10209058,,,,,50.77988699,,,,,51.62113386,,,,,51.52205106,,,,,51.51629073,,
India,IND,International migrant stock (% of population),SM.POP.TOTL.ZS,,,,,,,,,,,,,,,,,,,,,,,,,,,,,,,0.860692478,,,,,0.723532003,,,,,0.608579705,,,,,0.517653228,,,,,0.441598735,,,,,0.399752709,,
Not classified,INX,International migrant stock (% of population),SM.POP.TOTL.ZS,,,,,,,,,,,,,,,,,,,,,,,,,,,,,,,,,,,,,,,,,,,,,,,,,,,,,,,,,,
Ireland,IRL,International migrant stock (% of population),SM.POP.TOTL.ZS,,,,,,,,,,,,,,,,,,,,,,,,,,,,,,,6.397816961,,,,,6.224177599,,,,,9.125217945,,,,,14.01256036,,,,,15.82172743,,,,,15.91693657,,
"Iran, Islamic Rep.",IRN,International migrant stock (% of population),SM.POP.TOTL.ZS,,,,,,,,,,,,,,,,,,,,,,,,,,,,,,,7.64048857,,,,,4.87024971,,,,,4.257862354,,,,,3.663509009,,,,,3.719105124,,,,,3.446397535,,
Iraq,IRQ,International migrant stock (% of population),SM.POP.TOTL.ZS,,,,,,,,,,,,,,,,,,,,,,,,,,,,,,,0.478520556,,,,,0.986558401,,,,,0.893010492,,,,,0.491955055,,,,,0.380291586,,,,,0.971576098,,
Iceland,ISL,International migrant stock (% of population),SM.POP.TOTL.ZS,,,,,,,,,,,,,,,,,,,,,,,,,,,,,,,3.760938665,,,,,4.762688163,,,,,5.651212244,,,,,8.5905407,,,,,11.03344841,,,,,11.3901495,,
Israel,ISR,International migrant stock (% of population),SM.POP.TOTL.ZS,,,,,,,,,,,,,,,,,,,,,,,,,,,,,,,36.28907701,,,,,33.61425472,,,,,30.7848016,,,,,28.61289248,,,,,26.28730812,,,,,24.94690004,,
Italy,ITA,International migrant stock (% of population),SM.POP.TOTL.ZS,,,,,,,,,,,,,,,,,,,,,,,,,,,,,,,2.505314337,,,,,3.107405066,,,,,3.712679568,,,,,6.742189449,,,,,9.7131844,,,,,9.680767742,,
Jamaica,JAM,International migrant stock (% of population),SM.POP.TOTL.ZS,,,,,,,,,,,,,,,,,,,,,,,,,,,,,,,0.858200541,,,,,0.912337219,,,,,0.959657243,,,,,0.907954328,,,,,0.863729105,,,,,0.829367047,,
Jordan,JOR,International migrant stock (% of population),SM.POP.TOTL.ZS,,,,,,,,,,,,,,,,,,,,,,,,,,,,,,,34.13324528,,,,,35.57964778,,,,,40.43743482,,,,,43.60438494,,,,,41.77692181,,,,,40.9771116,,
Japan,JPN,International migrant stock (% of population),SM.POP.TOTL.ZS,,,,,,,,,,,,,,,,,,,,,,,,,,,,,,,0.879862815,,,,,1.109463635,,,,,1.341583243,,,,,1.585238425,,,,,1.676212943,,,,,1.614775057,,
Kazakhstan,KAZ,International migrant stock (% of population),SM.POP.TOTL.ZS,,,,,,,,,,,,,,,,,,,,,,,,,,,,,,,21.89470108,,,,,20.3771677,,,,,19.19732798,,,,,20.08161922,,,,,20.44448453,,,,,20.12330509,,
Kenya,KEN,International migrant stock (% of population),SM.POP.TOTL.ZS,,,,,,,,,,,,,,,,,,,,,,,,,,,,,,,1.267973626,,,,,2.260417962,,,,,2.250508759,,,,,2.141201006,,,,,2.298531555,,,,,2.354722885,,
Kyrgyz Republic,KGZ,International migrant stock (% of population),SM.POP.TOTL.ZS,,,,,,,,,,,,,,,,,,,,,,,,,,,,,,,14.1786942,,,,,11.11239108,,,,,7.862155262,,,,,6.116681361,,,,,4.236584527,,,,,3.440796423,,
Cambodia,KHM,International migrant stock (% of population),SM.POP.TOTL.ZS,,,,,,,,,,,,,,,,,,,,,,,,,,,,,,,0.425969735,,,,,0.862409216,,,,,1.19762369,,,,,0.856084861,,,,,0.570727951,,,,,0.474794451,,
Kiribati,KIR,International migrant stock (% of population),SM.POP.TOTL.ZS,,,,,,,,,,,,,,,,,,,,,,,,,,,,,,,2.985734212,,,,,2.860010035,,,,,2.70478402,,,,,2.693628221,,,,,2.794014496,,,,,2.80458625,,
St. Kitts and Nevis,KNA,International migrant stock (% of population),SM.POP.TOTL.ZS,,,,,,,,,,,,,,,,,,,,,,,,,,,,,,,7.861288664,,,,,9.904868495,,,,,12.89083084,,,,,13.59816032,,,,,13.83901284,,,,,13.39343554,,
"Korea, Rep.",KOR,International migrant stock (% of population),SM.POP.TOTL.ZS,,,,,,,,,,,,,,,,,,,,,,,,,,,,,,,0.100104128,,,,,0.277441643,,,,,0.52845208,,,,,1.019928995,,,,,1.872630337,,,,,2.639159354,,
Kuwait,KWT,International migrant stock (% of population),SM.POP.TOTL.ZS,,,,,,,,,,,,,,,,,,,,,,,,,,,,,,,52.18449101,,,,,56.3186647,,,,,58.44299212,,,,,58.90283813,,,,,61.17187503,,,,,73.63955073,,
Latin America & Caribbean (excluding high income),LAC,International migrant stock (% of population),SM.POP.TOTL.ZS,,,,,,,,,,,,,,,,,,,,,,,,,,,,,,,1.471501279,,,,,1.221687928,,,,,1.084440319,,,,,1.108189423,,,,,1.199944183,,,,,1.2809652,,
Lao PDR,LAO,International migrant stock (% of population),SM.POP.TOTL.ZS,,,,,,,,,,,,,,,,,,,,,,,,,,,,,,,0.538297238,,,,,0.484295894,,,,,0.410789763,,,,,0.354585856,,,,,0.338389124,,,,,0.327020359,,
Lebanon,LBN,International migrant stock (% of population),SM.POP.TOTL.ZS,,,,,,,,,,,,,,,,,,,,,,,,,,,,,,,19.37437362,,,,,20.05346465,,,,,21.41674239,,,,,18.98193192,,,,,18.92150063,,,,,34.1456803,,
Liberia,LBR,International migrant stock (% of population),SM.POP.TOTL.ZS,,,,,,,,,,,,,,,,,,,,,,,,,,,,,,,4.515908444,,,,,10.02744816,,,,,5.251372076,,,,,2.666474197,,,,,2.504528814,,,,,2.526491982,,
Libya,LBY,International migrant stock (% of population),SM.POP.TOTL.ZS,,,,,,,,,,,,,,,,,,,,,,,,,,,,,,,10.39180215,,,,,10.41451338,,,,,10.63158952,,,,,10.77665028,,,,,10.91655086,,,,,12.28244987,,
St. Lucia,LCA,International migrant stock (% of population),SM.POP.TOTL.ZS,,,,,,,,,,,,,,,,,,,,,,,,,,,,,,,3.839195253,,,,,4.86398259,,,,,6.28739272,,,,,6.933201134,,,,,6.820859428,,,,,6.903280558,,
Latin America & Caribbean,LCN,International migrant stock (% of population),SM.POP.TOTL.ZS,,,,,,,,,,,,,,,,,,,,,,,,,,,,,,,1.564563456,,,,,1.329591035,,,,,1.202772039,,,,,1.239090637,,,,,1.335185649,,,,,1.413391635,,
Least developed countries: UN classification,LDC,International migrant stock (% of population),SM.POP.TOTL.ZS,,,,,,,,,,,,,,,,,,,,,,,,,,,,,,,2.149506977,,,,,1.979436531,,,,,1.506576246,,,,,1.301626725,,,,,1.163613518,,,,,1.250912349,,
Low income,LIC,International migrant stock (% of population),SM.POP.TOTL.ZS,,,,,,,,,,,,,,,,,,,,,,,,,,,,,,,2.715809024,,,,,2.530581575,,,,,1.849039533,,,,,1.587595571,,,,,1.353040189,,,,,1.467917834,,
Liechtenstein,LIE,International migrant stock (% of population),SM.POP.TOTL.ZS,,,,,,,,,,,,,,,,,,,,,,,,,,,,,,,37.94051139,,,,,43.17127753,,,,,46.52064179,,,,,54.22357397,,,,,61.58892932,,,,,62.59625376,,
Sri Lanka,LKA,International migrant stock (% of population),SM.POP.TOTL.ZS,,,,,,,,,,,,,,,,,,,,,,,,,,,,,,,0.239809814,,,,,0.223805493,,,,,0.213652815,,,,,0.202423324,,,,,0.192853811,,,,,0.186850018,,
Lower middle income,LMC,International migrant stock (% of population),SM.POP.TOTL.ZS,,,,,,,,,,,,,,,,,,,,,,,,,,,,,,,1.809196776,,,,,1.467059488,,,,,1.298051663,,,,,1.131027955,,,,,1.113563778,,,,,1.053054435,,
Low & middle income,LMY,International migrant stock (% of population),SM.POP.TOTL.ZS,,,,,,,,,,,,,,,,,,,,,,,,,,,,,,,1.794538159,,,,,1.576460263,,,,,1.423679518,,,,,1.333411085,,,,,1.344121834,,,,,1.411681569,,
Lesotho,LSO,International migrant stock (% of population),SM.POP.TOTL.ZS,,,,,,,,,,,,,,,,,,,,,,,,,,,,,,,0.515794969,,,,,0.410759575,,,,,0.332233431,,,,,0.326610047,,,,,0.319011472,,,,,0.307818842,,
Late-demographic dividend,LTE,International migrant stock (% of population),SM.POP.TOTL.ZS,,,,,,,,,,,,,,,,,,,,,,,,,,,,,,,1.516163634,,,,,1.495587882,,,,,1.493776385,,,,,1.571784189,,,,,1.848289313,,,,,2.070427132,,
Lithuania,LTU,International migrant stock (% of population),SM.POP.TOTL.ZS,,,,,,,,,,,,,,,,,,,,,,,,,,,,,,,9.446061049,,,,,7.540822568,,,,,6.147104742,,,,,6.01833296,,,,,5.148270722,,,,,4.726089623,,
Luxembourg,LUX,International migrant stock (% of population),SM.POP.TOTL.ZS,,,,,,,,,,,,,,,,,,,,,,,,,,,,,,,29.80588653,,,,,30.89712555,,,,,32.04488807,,,,,32.89701582,,,,,32.12158562,,,,,43.96413394,,
Latvia,LVA,International migrant stock (% of population),SM.POP.TOTL.ZS,,,,,,,,,,,,,,,,,,,,,,,,,,,,,,,24.24964855,,,,,21.62763647,,,,,18.13963511,,,,,16.91200996,,,,,15.00995686,,,,,13.35324026,,
"Macao SAR, China",MAC,International migrant stock (% of population),SM.POP.TOTL.ZS,,,,,,,,,,,,,,,,,,,,,,,,,,,,,,,56.99945793,,,,,56.44972256,,,,,55.75065929,,,,,59.66220156,,,,,59.57547893,,,,,58.32190277,,
St. Martin (French part),MAF,International migrant stock (% of population),SM.POP.TOTL.ZS,,,,,,,,,,,,,,,,,,,,,,,,,,,,,,,,,,,,,,,,,,,,,,,,,,,,,,,,,,
Morocco,MAR,International migrant stock (% of population),SM.POP.TOTL.ZS,,,,,,,,,,,,,,,,,,,,,,,,,,,,,,,0.220018911,,,,,0.18540684,,,,,0.183188211,,,,,0.178963774,,,,,0.220847067,,,,,0.257467738,,
Monaco,MCO,International migrant stock (% of population),SM.POP.TOTL.ZS,,,,,,,,,,,,,,,,,,,,,,,,,,,,,,,69.15891025,,,,,68.59934853,,,,,67.91247156,,,,,63.03833412,,,,,57.35377935,,,,,55.76846625,,
Moldova,MDA,International migrant stock (% of population),SM.POP.TOTL.ZS,,,,,,,,,,,,,,,,,,,,,,,,,,,,,,,12.46901433,,,,,8.463333949,,,,,5.899138509,,,,,4.183964863,,,,,3.860170308,,,,,3.512106598,,
Madagascar,MDG,International migrant stock (% of population),SM.POP.TOTL.ZS,,,,,,,,,,,,,,,,,,,,,,,,,,,,,,,0.207149243,,,,,0.15742025,,,,,0.149515926,,,,,0.142468227,,,,,0.137123538,,,,,0.132347777,,
Maldives,MDV,International migrant stock (% of population),SM.POP.TOTL.ZS,,,,,,,,,,,,,,,,,,,,,,,,,,,,,,,3.893287451,,,,,7.285393789,,,,,9.662462908,,,,,14.77040214,,,,,22.13154927,,,,,25.87218175,,
Middle East & North Africa,MEA,International migrant stock (% of population),SM.POP.TOTL.ZS,,,,,,,,,,,,,,,,,,,,,,,,,,,,,,,7.136698617,,,,,6.500218979,,,,,6.376744759,,,,,6.686010501,,,,,8.417421429,,,,,9.255806932,,
Mexico,MEX,International migrant stock (% of population),SM.POP.TOTL.ZS,,,,,,,,,,,,,,,,,,,,,,,,,,,,,,,0.812613997,,,,,0.485612444,,,,,0.523352183,,,,,0.649203275,,,,,0.817364771,,,,,0.939364727,,
Marshall Islands,MHL,International migrant stock (% of population),SM.POP.TOTL.ZS,,,,,,,,,,,,,,,,,,,,,,,,,,,,,,,2.44820296,,,,,2.900823207,,,,,3.625313932,,,,,4.642898306,,,,,5.89188983,,,,,6.197044893,,
Middle income,MIC,International migrant stock (% of population),SM.POP.TOTL.ZS,,,,,,,,,,,,,,,,,,,,,,,,,,,,,,,1.720853341,,,,,1.495217104,,,,,1.38515628,,,,,1.308590499,,,,,1.343164946,,,,,1.405201998,,
"Macedonia, FYR",MKD,International migrant stock (% of population),SM.POP.TOTL.ZS,,,,,,,,,,,,,,,,,,,,,,,,,,,,,,,4.766091231,,,,,5.597160852,,,,,6.245617035,,,,,6.249320816,,,,,6.28870713,,,,,6.289774173,,
Mali,MLI,International migrant stock (% of population),SM.POP.TOTL.ZS,,,,,,,,,,,,,,,,,,,,,,,,,,,,,,,1.895008002,,,,,1.827544076,,,,,1.715183029,,,,,1.993551314,,,,,2.219296188,,,,,2.063359738,,
Malta,MLT,International migrant stock (% of population),SM.POP.TOTL.ZS,,,,,,,,,,,,,,,,,,,,,,,,,,,,,,,4.238600871,,,,,4.763810081,,,,,5.558396611,,,,,6.184933542,,,,,8.028849887,,,,,9.898488069,,
Myanmar,MMR,International migrant stock (% of population),SM.POP.TOTL.ZS,,,,,,,,,,,,,,,,,,,,,,,,,,,,,,,0.317908962,,,,,0.254217475,,,,,0.205604006,,,,,0.166100814,,,,,0.147708389,,,,,0.136014603,,
Middle East & North Africa (excluding high income),MNA,International migrant stock (% of population),SM.POP.TOTL.ZS,,,,,,,,,,,,,,,,,,,,,,,,,,,,,,,3.664222131,,,,,3.040424943,,,,,2.917739531,,,,,2.804814936,,,,,3.088955836,,,,,3.289621578,,
Montenegro,MNE,International migrant stock (% of population),SM.POP.TOTL.ZS,,,,,,,,,,,,,,,,,,,,,,,,,,,,,,,,,,,,,,,,,,,,,,,,,,,12.62267828,,,,,13.19007768,,
Mongolia,MNG,International migrant stock (% of population),SM.POP.TOTL.ZS,,,,,,,,,,,,,,,,,,,,,,,,,,,,,,,0.307580312,,,,,0.323058191,,,,,0.342282053,,,,,0.45419516,,,,,0.59207633,,,,,0.595444478,,
Northern Mariana Islands,MNP,International migrant stock (% of population),SM.POP.TOTL.ZS,,,,,,,,,,,,,,,,,,,,,,,,,,,,,,,60.4771218,,,,,56.28846622,,,,,58.62875179,,,,,58.32038775,,,,,44.87189009,,,,,39.30996913,,
Mozambique,MOZ,International migrant stock (% of population),SM.POP.TOTL.ZS,,,,,,,,,,,,,,,,,,,,,,,,,,,,,,,0.914838957,,,,,1.057342626,,,,,1.071486295,,,,,0.969532547,,,,,0.882397794,,,,,0.796801385,,
Mauritania,MRT,International migrant stock (% of population),SM.POP.TOTL.ZS,,,,,,,,,,,,,,,,,,,,,,,,,,,,,,,5.517217524,,,,,3.837330964,,,,,2.115717183,,,,,1.842656845,,,,,2.357827031,,,,,3.396676733,,
Mauritius,MUS,International migrant stock (% of population),SM.POP.TOTL.ZS,,,,,,,,,,,,,,,,,,,,,,,,,,,,,,,0.342183897,,,,,0.663875195,,,,,1.311487306,,,,,1.607766247,,,,,1.990142241,,,,,2.24510922,,
Malawi,MWI,International migrant stock (% of population),SM.POP.TOTL.ZS,,,,,,,,,,,,,,,,,,,,,,,,,,,,,,,11.98559081,,,,,2.45982515,,,,,2.078220496,,,,,1.738811404,,,,,1.474100165,,,,,1.249811795,,
Malaysia,MYS,International migrant stock (% of population),SM.POP.TOTL.ZS,,,,,,,,,,,,,,,,,,,,,,,,,,,,,,,3.821406256,,,,,4.522803786,,,,,5.453381918,,,,,6.676755004,,,,,8.556379025,,,,,8.289348916,,
North America,NAC,International migrant stock (% of population),SM.POP.TOTL.ZS,,,,,,,,,,,,,,,,,,,,,,,,,,,,,,,9.847148415,,,,,11.27560714,,,,,12.86445118,,,,,13.81036281,,,,,14.88387047,,,,,15.22817819,,
Namibia,NAM,International migrant stock (% of population),SM.POP.TOTL.ZS,,,,,,,,,,,,,,,,,,,,,,,,,,,,,,,8.523173245,,,,,6.974430152,,,,,7.081471459,,,,,5.242853323,,,,,4.668261882,,,,,3.818401435,,
New Caledonia,NCL,International migrant stock (% of population),SM.POP.TOTL.ZS,,,,,,,,,,,,,,,,,,,,,,,,,,,,,,,22.35295514,,,,,23.07741097,,,,,23.6436711,,,,,24.22786128,,,,,24.82615844,,,,,24.43390418,,
Niger,NER,International migrant stock (% of population),SM.POP.TOTL.ZS,,,,,,,,,,,,,,,,,,,,,,,,,,,,,,,1.459374278,,,,,1.559499812,,,,,1.089222232,,,,,0.922929003,,,,,0.776234211,,,,,0.951072208,,
Nigeria,NGA,International migrant stock (% of population),SM.POP.TOTL.ZS,,,,,,,,,,,,,,,,,,,,,,,,,,,,,,,0.477550386,,,,,0.427023067,,,,,0.397049977,,,,,0.46415941,,,,,0.577148809,,,,,0.658124088,,
Nicaragua,NIC,International migrant stock (% of population),SM.POP.TOTL.ZS,,,,,,,,,,,,,,,,,,,,,,,,,,,,,,,0.999405486,,,,,0.5771396,,,,,0.604540629,,,,,0.649114657,,,,,0.65065892,,,,,0.661982706,,
Netherlands,NLD,International migrant stock (% of population),SM.POP.TOTL.ZS,,,,,,,,,,,,,,,,,,,,,,,,,,,,,,,7.926597265,,,,,8.71258277,,,,,9.791968248,,,,,10.63044717,,,,,11.01826159,,,,,11.69568274,,
Norway,NOR,International migrant stock (% of population),SM.POP.TOTL.ZS,,,,,,,,,,,,,,,,,,,,,,,,,,,,,,,4.541744539,,,,,5.3512235,,,,,6.510860785,,,,,7.809552313,,,,,10.77023036,,,,,14.23561116,,
Nepal,NPL,International migrant stock (% of population),SM.POP.TOTL.ZS,,,,,,,,,,,,,,,,,,,,,,,,,,,,,,,2.294211706,,,,,3.226721824,,,,,3.023991639,,,,,2.663821993,,,,,2.153069422,,,,,1.817645553,,
Nauru,NRU,International migrant stock (% of population),SM.POP.TOTL.ZS,,,,,,,,,,,,,,,,,,,,,,,,,,,,,,,30.74150923,,,,,26.12838516,,,,,23.83987254,,,,,22.27385072,,,,,21.06733167,,,,,31.0898063,,
New Zealand,NZL,International migrant stock (% of population),SM.POP.TOTL.ZS,,,,,,,,,,,,,,,,,,,,,,,,,,,,,,,15.24773556,,,,,16.01728598,,,,,17.59387844,,,,,20.31470731,,,,,21.68544621,,,,,22.95970035,,
OECD members,OED,International migrant stock (% of population),SM.POP.TOTL.ZS,,,,,,,,,,,,,,,,,,,,,,,,,,,,,,,6.010927692,,,,,6.666259074,,,,,7.479147411,,,,,8.504091637,,,,,9.560107038,,,,,10.04908203,,
Oman,OMN,International migrant stock (% of population),SM.POP.TOTL.ZS,,,,,,,,,,,,,,,,,,,,,,,,,,,,,,,16.77556991,,,,,24.62027754,,,,,27.8470646,,,,,26.57315376,,,,,27.72728091,,,,,41.08587362,,
Other small states,OSS,International migrant stock (% of population),SM.POP.TOTL.ZS,,,,,,,,,,,,,,,,,,,,,,,,,,,,,,,10.10380661,,,,,9.658708751,,,,,9.394872828,,,,,11.07684881,,,,,14.53666908,,,,,15.03281355,,
Pakistan,PAK,International migrant stock (% of population),SM.POP.TOTL.ZS,,,,,,,,,,,,,,,,,,,,,,,,,,,,,,,5.769296732,,,,,2.992916405,,,,,3.024880484,,,,,2.067818723,,,,,2.31798117,,,,,1.920846061,,
Panama,PAN,International migrant stock (% of population),SM.POP.TOTL.ZS,,,,,,,,,,,,,,,,,,,,,,,,,,,,,,,2.539204617,,,,,2.587464049,,,,,2.753940486,,,,,3.541799915,,,,,4.344945154,,,,,4.701027527,,
Peru,PER,International migrant stock (% of population),SM.POP.TOTL.ZS,,,,,,,,,,,,,,,,,,,,,,,,,,,,,,,0.297915512,,,,,0.23600218,,,,,0.255810611,,,,,0.280839767,,,,,0.286195339,,,,,0.289645141,,
Philippines,PHL,International migrant stock (% of population),SM.POP.TOTL.ZS,,,,,,,,,,,,,,,,,,,,,,,,,,,,,,,0.248712858,,,,,0.296903964,,,,,0.408168649,,,,,0.298890058,,,,,0.224206214,,,,,0.210390539,,
Palau,PLW,International migrant stock (% of population),SM.POP.TOTL.ZS,,,,,,,,,,,,,,,,,,,,,,,,,,,,,,,18.56319173,,,,,27.52245726,,,,,32.9091478,,,,,30.35615613,,,,,28.27063996,,,,,26.60278991,,
Papua New Guinea,PNG,International migrant stock (% of population),SM.POP.TOTL.ZS,,,,,,,,,,,,,,,,,,,,,,,,,,,,,,,0.786935145,,,,,0.71090977,,,,,0.467077815,,,,,0.492319167,,,,,0.37128787,,,,,0.338376609,,
Poland,POL,International migrant stock (% of population),SM.POP.TOTL.ZS,,,,,,,,,,,,,,,,,,,,,,,,,,,,,,,2.952646635,,,,,2.499814728,,,,,2.144271839,,,,,1.878426916,,,,,1.665385083,,,,,1.604180837,,
Pre-demographic dividend,PRE,International migrant stock (% of population),SM.POP.TOTL.ZS,,,,,,,,,,,,,,,,,,,,,,,,,,,,,,,2.62253062,,,,,2.530653998,,,,,1.940480226,,,,,1.664385346,,,,,1.50489535,,,,,1.575033916,,
Puerto Rico,PRI,International migrant stock (% of population),SM.POP.TOTL.ZS,,,,,,,,,,,,,,,,,,,,,,,,,,,,,,,9.150382719,,,,,9.162578879,,,,,9.350534016,,,,,9.362685758,,,,,8.220917704,,,,,7.465496392,,
"Korea, Dem. People¡¯s Rep.",PRK,International migrant stock (% of population),SM.POP.TOTL.ZS,,,,,,,,,,,,,,,,,,,,,,,,,,,,,,,0.168873934,,,,,0.161475523,,,,,0.158417928,,,,,0.168380525,,,,,0.179628943,,,,,0.192635219,,
Portugal,PRT,International migrant stock (% of population),SM.POP.TOTL.ZS,,,,,,,,,,,,,,,,,,,,,,,,,,,,,,,4.406147062,,,,,5.286755448,,,,,6.3381752,,,,,7.358566271,,,,,7.206771347,,,,,8.089593589,,
Paraguay,PRY,International migrant stock (% of population),SM.POP.TOTL.ZS,,,,,,,,,,,,,,,,,,,,,,,,,,,,,,,4.648696882,,,,,3.918835553,,,,,3.330527846,,,,,2.902997208,,,,,2.581355476,,,,,2.356666686,,
West Bank and Gaza,PSE,International migrant stock (% of population),SM.POP.TOTL.ZS,,,,,,,,,,,,,,,,,,,,,,,,,,,,,,,13.72254131,,,,,10.76156335,,,,,8.53662206,,,,,7.448521593,,,,,6.341753548,,,,,5.473039752,,
Pacific island small states,PSS,International migrant stock (% of population),SM.POP.TOTL.ZS,,,,,,,,,,,,,,,,,,,,,,,,,,,,,,,2.303087292,,,,,2.295165737,,,,,2.302634532,,,,,2.164286965,,,,,2.081856014,,,,,2.082011231,,
Post-demographic dividend,PST,International migrant stock (% of population),SM.POP.TOTL.ZS,,,,,,,,,,,,,,,,,,,,,,,,,,,,,,,7.307391323,,,,,8.11996179,,,,,9.070023427,,,,,10.25635718,,,,,11.55048576,,,,,12.08781097,,
French Polynesia,PYF,International migrant stock (% of population),SM.POP.TOTL.ZS,,,,,,,,,,,,,,,,,,,,,,,,,,,,,,,13.02112215,,,,,13.17843866,,,,,12.78264571,,,,,12.66693869,,,,,11.80310746,,,,,10.63006606,,
Qatar,QAT,International migrant stock (% of population),SM.POP.TOTL.ZS,,,,,,,,,,,,,,,,,,,,,,,,,,,,,,,65.00887764,,,,,72.18748191,,,,,60.61086556,,,,,77.19052148,,,,,82.49234075,,,,,75.49762789,,
Romania,ROU,International migrant stock (% of population),SM.POP.TOTL.ZS,,,,,,,,,,,,,,,,,,,,,,,,,,,,,,,0.578240506,,,,,0.588008992,,,,,0.573699397,,,,,0.678085685,,,,,0.768428222,,,,,1.163134803,,
Russian Federation,RUS,International migrant stock (% of population),SM.POP.TOTL.ZS,,,,,,,,,,,,,,,,,,,,,,,,,,,,,,,7.809894347,,,,,8.044146172,,,,,8.128565367,,,,,8.12378467,,,,,7.819823034,,,,,8.11621786,,
Rwanda,RWA,International migrant stock (% of population),SM.POP.TOTL.ZS,,,,,,,,,,,,,,,,,,,,,,,,,,,,,,,2.202131206,,,,,3.944015945,,,,,4.3266194,,,,,4.804462142,,,,,4.243258648,,,,,3.803080984,,
South Asia,SAS,International migrant stock (% of population),SM.POP.TOTL.ZS,,,,,,,,,,,,,,,,,,,,,,,,,,,,,,,1.337075964,,,,,0.985673121,,,,,0.900425218,,,,,0.738891392,,,,,0.711086872,,,,,0.654156233,,
Saudi Arabia,SAU,International migrant stock (% of population),SM.POP.TOTL.ZS,,,,,,,,,,,,,,,,,,,,,,,,,,,,,,,30.55012901,,,,,27.1708479,,,,,24.60415029,,,,,26.27503967,,,,,30.0098321,,,,,32.29494249,,
Sudan,SDN,International migrant stock (% of population),SM.POP.TOTL.ZS,2.308534591,,,,,1.969336312,,,,,2.017110409,,,,,1.987137763,,,,,3.75803705,,,,,6.244978934,,,,,5.443701551,,,,,3.494460277,,,,,2.306073021,,,,,1.351946129,,,,,1.252644497,,,,,1.251344542,,
Senegal,SEN,International migrant stock (% of population),SM.POP.TOTL.ZS,,,,,,,,,,,,,,,,,,,,,,,,,,,,,,,3.598652738,,,,,3.30228892,,,,,2.351799256,,,,,2.11463419,,,,,1.976507918,,,,,1.739951417,,
Singapore,SGP,International migrant stock (% of population),SM.POP.TOTL.ZS,,,,,,,,,,,,,,,,,,,,,,,,,,,,,,,24.11026389,,,,,28.46959271,,,,,34.49790375,,,,,38.05098886,,,,,42.62277265,,,,,45.39179191,,
Solomon Islands,SLB,International migrant stock (% of population),SM.POP.TOTL.ZS,,,,,,,,,,,,,,,,,,,,,,,,,,,,,,,1.355143034,,,,,1.16302375,,,,,0.965474758,,,,,0.696986614,,,,,0.524538321,,,,,0.442947201,,
Sierra Leone,SLE,International migrant stock (% of population),SM.POP.TOTL.ZS,,,,,,,,,,,,,,,,,,,,,,,,,,,,,,,5.653275024,,,,,2.745682626,,,,,2.419306579,,,,,2.950246595,,,,,1.687216992,,,,,1.413457295,,
El Salvador,SLV,International migrant stock (% of population),SM.POP.TOTL.ZS,,,,,,,,,,,,,,,,,,,,,,,,,,,,,,,0.901737635,,,,,0.707439938,,,,,0.545662335,,,,,0.605645744,,,,,0.667803189,,,,,0.686271613,,
San Marino,SMR,International migrant stock (% of population),SM.POP.TOTL.ZS,,,,,,,,,,,,,,,,,,,,,,,,,,,,,,,13.76585569,,,,,14.1410628,,,,,14.75200584,,,,,14.42445797,,,,,14.33365917,,,,,14.84220132,,
Somalia,SOM,International migrant stock (% of population),SM.POP.TOTL.ZS,,,,,,,,,,,,,,,,,,,,,,,,,,,,,,,7.566009635,,,,,0.307684308,,,,,0.271981971,,,,,0.244126035,,,,,0.250424924,,,,,0.234455884,,
Serbia,SRB,International migrant stock (% of population),SM.POP.TOTL.ZS,,,,,,,,,,,,,,,,,,,,,,,,,,,,,,,1.042996868,,,,,6.376079431,,,,,9.053527383,,,,,9.19940109,,,,,9.118686449,,,,,9.122622084,,
Sub-Saharan Africa (excluding high income),SSA,International migrant stock (% of population),SM.POP.TOTL.ZS,,,,,,,,,,,,,,,,,,,,,,,,,,,,,,,2.821553661,,,,,2.562383508,,,,,2.009704522,,,,,1.797404909,,,,,1.723198504,,,,,1.874720638,,
South Sudan,SSD,International migrant stock (% of population),SM.POP.TOTL.ZS,,,,,,,,,,,,,,,,,,,,,,,,,,,,,,,,,,,,,,,,,,,,,,,,,,,2.56456661,,,,,6.67856204,,
Sub-Saharan Africa,SSF,International migrant stock (% of population),SM.POP.TOTL.ZS,,,,,,,,,,,,,,,,,,,,,,,,,,,,,,,2.821890029,,,,,2.562920969,,,,,2.010449735,,,,,1.798318106,,,,,1.724277936,,,,,1.875783368,,
Small states,SST,International migrant stock (% of population),SM.POP.TOTL.ZS,,,,,,,,,,,,,,,,,,,,,,,,,,,,,,,7.933391346,,,,,7.742757751,,,,,7.684908546,,,,,9.032898381,,,,,11.8119362,,,,,12.37255378,,
Sao Tome and Principe,STP,International migrant stock (% of population),SM.POP.TOTL.ZS,,,,,,,,,,,,,,,,,,,,,,,,,,,,,,,4.914814,,,,,3.926997311,,,,,3.182321892,,,,,2.241651757,,,,,1.58005618,,,,,1.25772286,,
Suriname,SUR,International migrant stock (% of population),SM.POP.TOTL.ZS,,,,,,,,,,,,,,,,,,,,,,,,,,,,,,,4.416375197,,,,,4.995177534,,,,,5.721464958,,,,,6.84229033,,,,,7.664516029,,,,,8.625811501,,
Slovak Republic,SVK,International migrant stock (% of population),SM.POP.TOTL.ZS,,,,,,,,,,,,,,,,,,,,,,,,,,,,,,,0.782441775,,,,,1.292628124,,,,,2.160686884,,,,,2.423144802,,,,,2.706155251,,,,,3.265417899,,
Slovenia,SVN,International migrant stock (% of population),SM.POP.TOTL.ZS,,,,,,,,,,,,,,,,,,,,,,,,,,,,,,,8.874917768,,,,,8.758229403,,,,,8.599694668,,,,,9.880983029,,,,,12.36484643,,,,,11.41296409,,
Sweden,SWE,International migrant stock (% of population),SM.POP.TOTL.ZS,,,,,,,,,,,,,,,,,,,,,,,,,,,,,,,9.215529143,,,,,10.60441478,,,,,11.31386236,,,,,12.46699534,,,,,14.76108676,,,,,16.76755875,,
Swaziland,SWZ,International migrant stock (% of population),SM.POP.TOTL.ZS,,,,,,,,,,,,,,,,,,,,,,,,,,,,,,,8.355472408,,,,,2.598118386,,,,,2.148601834,,,,,2.453011926,,,,,2.554251442,,,,,2.453747951,,
Sint Maarten (Dutch part),SXM,International migrant stock (% of population),SM.POP.TOTL.ZS,,,,,,,,,,,,,,,,,,,,,,,,,,,,,,,,,,,,,,,,,,,,,,40.27299557,,,,,79.09433962,,,,,70.44779972,,
Seychelles,SYC,International migrant stock (% of population),SM.POP.TOTL.ZS,,,,,,,,,,,,,,,,,,,,,,,,,,,,,,,5.268523369,,,,,6.711601893,,,,,8.10064815,,,,,10.13780748,,,,,12.26888409,,,,,13.25890682,,
Syrian Arab Republic,SYR,International migrant stock (% of population),SM.POP.TOTL.ZS,,,,,,,,,,,,,,,,,,,,,,,,,,,,,,,5.735355284,,,,,5.79550797,,,,,5.089094139,,,,,4.833274343,,,,,8.020626042,,,,,4.730134388,,
Turks and Caicos Islands,TCA,International migrant stock (% of population),SM.POP.TOTL.ZS,,,,,,,,,,,,,,,,,,,,,,,,,,,,,,,43.82683983,,,,,45.90452589,,,,,47.75905912,,,,,37.59924386,,,,,35.08856839,,,,,34.03710067,,
Chad,TCD,International migrant stock (% of population),SM.POP.TOTL.ZS,,,,,,,,,,,,,,,,,,,,,,,,,,,,,,,1.2477631,,,,,1.279472763,,,,,1.256394186,,,,,3.496865096,,,,,3.504629139,,,,,3.682771371,,
East Asia & Pacific (IDA & IBRD countries),TEA,International migrant stock (% of population),SM.POP.TOTL.ZS,,,,,,,,,,,,,,,,,,,,,,,,,,,,,,,0.158913026,,,,,0.184885577,,,,,0.226255519,,,,,0.291638697,,,,,0.379200195,,,,,0.41573707,,
Europe & Central Asia (IDA & IBRD countries),TEC,International migrant stock (% of population),SM.POP.TOTL.ZS,,,,,,,,,,,,,,,,,,,,,,,,,,,,,,,7.365551352,,,,,7.089070769,,,,,6.701180415,,,,,6.438418291,,,,,6.137052638,,,,,6.479265357,,
Togo,TGO,International migrant stock (% of population),SM.POP.TOTL.ZS,,,,,,,,,,,,,,,,,,,,,,,,,,,,,,,2.240435687,,,,,2.371060195,,,,,2.828687098,,,,,3.645948644,,,,,3.994178553,,,,,3.79000676,,
Thailand,THA,International migrant stock (% of population),SM.POP.TOTL.ZS,,,,,,,,,,,,,,,,,,,,,,,,,,,,,,,0.934370119,,,,,1.366245038,,,,,2.006307785,,,,,3.284719857,,,,,4.834357704,,,,,5.758232652,,
Tajikistan,TJK,International migrant stock (% of population),SM.POP.TOTL.ZS,,,,,,,,,,,,,,,,,,,,,,,,,,,,,,,8.0965989,,,,,6.022253226,,,,,4.837676152,,,,,4.120749583,,,,,3.668730585,,,,,3.242910896,,
Turkmenistan,TKM,International migrant stock (% of population),SM.POP.TOTL.ZS,,,,,,,,,,,,,,,,,,,,,,,,,,,,,,,8.356052345,,,,,6.532099971,,,,,4.853980489,,,,,4.487325708,,,,,3.926600483,,,,,3.654711583,,
Latin America & the Caribbean (IDA & IBRD countries),TLA,International migrant stock (% of population),SM.POP.TOTL.ZS,,,,,,,,,,,,,,,,,,,,,,,,,,,,,,,1.502722252,,,,,1.260437646,,,,,1.12887372,,,,,1.165314929,,,,,1.266861019,,,,,1.356849862,,
Timor-Leste,TLS,International migrant stock (% of population),SM.POP.TOTL.ZS,,,,,,,,,,,,,,,,,,,,,,,,,,,,,,,1.209622402,,,,,1.137617507,,,,,1.251438588,,,,,1.140579507,,,,,1.038952931,,,,,0.914442949,,
Middle East & North Africa (IDA & IBRD countries),TMN,International migrant stock (% of population),SM.POP.TOTL.ZS,,,,,,,,,,,,,,,,,,,,,,,,,,,,,,,3.576149543,,,,,2.964735789,,,,,2.858684576,,,,,2.753973442,,,,,3.051590412,,,,,3.263024705,,
Tonga,TON,International migrant stock (% of population),SM.POP.TOTL.ZS,,,,,,,,,,,,,,,,,,,,,,,,,,,,,,,3.059315621,,,,,3.414364526,,,,,3.76310037,,,,,4.264411351,,,,,4.831308263,,,,,5.397946689,,
South Asia (IDA & IBRD),TSA,International migrant stock (% of population),SM.POP.TOTL.ZS,,,,,,,,,,,,,,,,,,,,,,,,,,,,,,,1.337075964,,,,,0.985673121,,,,,0.900425218,,,,,0.738891392,,,,,0.711086872,,,,,0.654156233,,
Sub-Saharan Africa (IDA & IBRD countries),TSS,International migrant stock (% of population),SM.POP.TOTL.ZS,,,,,,,,,,,,,,,,,,,,,,,,,,,,,,,2.821890029,,,,,2.562920969,,,,,2.010449735,,,,,1.798318106,,,,,1.724277936,,,,,1.875783368,,
Trinidad and Tobago,TTO,International migrant stock (% of population),SM.POP.TOTL.ZS,,,,,,,,,,,,,,,,,,,,,,,,,,,,,,,4.146479593,,,,,3.664857638,,,,,3.292875282,,,,,3.455228605,,,,,3.63121614,,,,,3.66763033,,
Tunisia,TUN,International migrant stock (% of population),SM.POP.TOTL.ZS,,,,,,,,,,,,,,,,,,,,,,,,,,,,,,,0.461374184,,,,,0.415482953,,,,,0.375763259,,,,,0.34684563,,,,,0.405782618,,,,,0.503849717,,
Turkey,TUR,International migrant stock (% of population),SM.POP.TOTL.ZS,,,,,,,,,,,,,,,,,,,,,,,,,,,,,,,2.155189393,,,,,2.078135317,,,,,2.025553162,,,,,1.944037733,,,,,1.890507724,,,,,3.769001103,,
Tuvalu,TUV,International migrant stock (% of population),SM.POP.TOTL.ZS,,,,,,,,,,,,,,,,,,,,,,,,,,,,,,,3.531763661,,,,,2.850330552,,,,,2.303853912,,,,,1.887765628,,,,,1.567111021,,,,,1.421944332,,
Tanzania,TZA,International migrant stock (% of population),SM.POP.TOTL.ZS,,,,,,,,,,,,,,,,,,,,,,,,,,,,,,,2.254773785,,,,,3.69872866,,,,,2.730616603,,,,,1.973209166,,,,,0.676034987,,,,,0.48853553,,
Uganda,UGA,International migrant stock (% of population),SM.POP.TOTL.ZS,,,,,,,,,,,,,,,,,,,,,,,,,,,,,,,3.211545958,,,,,3.108906216,,,,,2.671574731,,,,,2.328501474,,,,,1.5962875,,,,,1.920126168,,
Ukraine,UKR,International migrant stock (% of population),SM.POP.TOTL.ZS,,,,,,,,,,,,,,,,,,,,,,,,,,,,,,,13.41817947,,,,,12.14748036,,,,,11.33848213,,,,,10.79232444,,,,,10.55647586,,,,,10.78646116,,
Upper middle income,UMC,International migrant stock (% of population),SM.POP.TOTL.ZS,,,,,,,,,,,,,,,,,,,,,,,,,,,,,,,1.637507688,,,,,1.522871297,,,,,1.474244465,,,,,1.498726683,,,,,1.599810341,,,,,1.813437443,,
Uruguay,URY,International migrant stock (% of population),SM.POP.TOTL.ZS,,,,,,,,,,,,,,,,,,,,,,,,,,,,,,,3.154868493,,,,,2.897165629,,,,,2.675836329,,,,,2.475276701,,,,,2.260036854,,,,,2.092316749,,
United States,USA,International migrant stock (% of population),SM.POP.TOTL.ZS,,,,,,,,,,,,,,,,,,,,,,,,,,,,,,,9.195660425,,,,,10.68481704,,,,,12.30631924,,,,,13.25668312,,,,,14.25848364,,,,,14.49065352,,
Uzbekistan,UZB,International migrant stock (% of population),SM.POP.TOTL.ZS,,,,,,,,,,,,,,,,,,,,,,,,,,,,,,,8.057421485,,,,,6.667018991,,,,,5.731451489,,,,,5.128202853,,,,,4.398555806,,,,,3.91690324,,
St. Vincent and the Grenadines,VCT,International migrant stock (% of population),SM.POP.TOTL.ZS,,,,,,,,,,,,,,,,,,,,,,,,,,,,,,,3.692714098,,,,,3.824383567,,,,,3.991769929,,,,,4.041416473,,,,,4.102784588,,,,,4.181359741,,
"Venezuela, RB",VEN,International migrant stock (% of population),SM.POP.TOTL.ZS,,,,,,,,,,,,,,,,,,,,,,,,,,,,,,,5.160664162,,,,,4.596922457,,,,,4.14053041,,,,,3.999243158,,,,,4.59201169,,,,,4.514736572,,
British Virgin Islands,VGB,International migrant stock (% of population),SM.POP.TOTL.ZS,,,,,,,,,,,,,,,,,,,,,,,,,,,,,,,48.81827572,,,,,54.52374491,,,,,58.41205251,,,,,59.59687513,,,,,57.15020387,,,,,57.46920344,,
Virgin Islands (U.S.),VIR,International migrant stock (% of population),SM.POP.TOTL.ZS,,,,,,,,,,,,,,,,,,,,,,,,,,,,,,,50.33267799,,,,,50.68399708,,,,,52.17074767,,,,,52.56384084,,,,,53.28345021,,,,,53.36387841,,
Vietnam,VNM,International migrant stock (% of population),SM.POP.TOTL.ZS,,,,,,,,,,,,,,,,,,,,,,,,,,,,,,,0.041222934,,,,,0.068168482,,,,,0.070690169,,,,,0.061479398,,,,,0.069893114,,,,,0.077897131,,
Vanuatu,VUT,International migrant stock (% of population),SM.POP.TOTL.ZS,,,,,,,,,,,,,,,,,,,,,,,,,,,,,,,1.573997668,,,,,1.46282603,,,,,1.419014579,,,,,1.337313433,,,,,1.265769216,,,,,1.204222904,,
World,WLD,International migrant stock (% of population),SM.POP.TOTL.ZS,,,,,,,,,,,,,,,,,,,,,,,,,,,,,,,2.892022432,,,,,2.82446963,,,,,2.830637384,,,,,2.94342679,,,,,3.206098765,,,,,3.338379655,,
Samoa,WSM,International migrant stock (% of population),SM.POP.TOTL.ZS,,,,,,,,,,,,,,,,,,,,,,,,,,,,,,,2.061216345,,,,,2.758612584,,,,,3.435005211,,,,,3.193499622,,,,,2.753334158,,,,,2.550872544,,
Kosovo,XKX,International migrant stock (% of population),SM.POP.TOTL.ZS,,,,,,,,,,,,,,,,,,,,,,,,,,,,,,,,,,,,,,,,,,,,,,,,,,,,,,,,,,
"Yemen, Rep.",YEM,International migrant stock (% of population),SM.POP.TOTL.ZS,,,,,,,,,,,,,,,,,,,,,,,,,,,,,,,0.993746478,,,,,0.894233496,,,,,0.806368272,,,,,0.834323975,,,,,1.211585873,,,,,1.282529228,,
South Africa,ZAF,International migrant stock (% of population),SM.POP.TOTL.ZS,,,,,,,,,,,,,,,,,,,,,,,,,,,,,,,3.163285135,,,,,2.423085437,,,,,2.231392327,,,,,2.504368348,,,,,3.764120496,,,,,5.767090449,,
Zambia,ZMB,International migrant stock (% of population),SM.POP.TOTL.ZS,,,,,,,,,,,,,,,,,,,,,,,,,,,,,,,3.426552061,,,,,2.640485082,,,,,3.034107935,,,,,2.098618261,,,,,1.075176259,,,,,0.78902565,,
Zimbabwe,ZWE,International migrant stock (% of population),SM.POP.TOTL.ZS,,,,,,,,,,,,,,,,,,,,,,,,,,,,,,,5.978394759,,,,,3.691012413,,,,,3.280332986,,,,,3.024340406,,,,,2.847387525,,,,,2.556382525,,
